{"cameraMode":{"drawMode":0,"name":"Shaded","section":"Shading Mode"},"sceneLighting":false,"audioPlay":false,"sceneViewState":{"m_AlwaysRefresh":false,"showFog":true,"showSkybox":true,"showFlares":true,"showImageEffects":true,"showParticleSystems":true,"showVisualEffectGraphs":true,"m_FxEnabled":true},"in2DMode":false,"pivot":{"x":-7.600812911987305,"y":0.8176993727684021,"z":1.5162672996520997},"rotation":{"x":-0.23515288531780244,"y":0.7628510594367981,"z":-0.3930996358394623,"w":-0.45636242628097536},"size":23.753868103027345,"orthographic":false}